{
  "arm": "dremio_iceberg",
  "trials": 7,
  "warmup": 1,
  "condition": "hot/warm",
  "started_unix": 1781403251.5769796,
  "queries": {
    "count_all": {
      "durations_s": [
        0.152,
        0.1582,
        0.1619,
        0.1528,
        0.1608,
        0.1673,
        0.2269
      ],
      "median_s": 0.1608,
      "mean_s": 0.1685,
      "cv_pct": 15.6,
      "answer": 10000000
    },
    "top_source_ips_by_bytes": {
      "durations_s": [
        1.4021,
        0.8516,
        0.9092,
        0.7954,
        0.9092,
        0.8359,
        0.9155
      ],
      "median_s": 0.9092,
      "mean_s": 0.9456,
      "cv_pct": 21.8,
      "answer": [
        [
          "172.18.196.29",
          150041272
        ],
        [
          "10.38.0.40",
          148752399
        ],
        [
          "192.168.13.71",
          148420526
        ],
        [
          "172.19.115.83",
          148196330
        ],
        [
          "10.126.30.127",
          147754841
        ],
        [
          "10.150.59.214",
          147353064
        ],
        [
          "192.168.140.43",
          147329347
        ],
        [
          "172.23.126.239",
          146770532
        ],
        [
          "172.18.181.70",
          146760042
        ],
        [
          "172.25.171.130",
          146613244
        ]
      ]
    },
    "protocol_distribution": {
      "durations_s": [
        0.398,
        0.4653,
        0.6038,
        0.3167,
        0.3505,
        0.3098,
        0.402
      ],
      "median_s": 0.398,
      "mean_s": 0.4066,
      "cv_pct": 25.2,
      "answer": [
        [
          "icmp",
          166616
        ],
        [
          "tcp",
          8918398
        ],
        [
          "udp",
          914986
        ]
      ]
    },
    "long_duration_connections": {
      "durations_s": [
        0.4506,
        0.4296,
        0.4373,
        0.4389,
        0.4394,
        0.4534,
        0.4421
      ],
      "median_s": 0.4394,
      "mean_s": 0.4416,
      "cv_pct": 1.8,
      "answer": [
        [
          "192.168.207.102",
          "82.196.10.87",
          3599.997171
        ],
        [
          "192.168.80.79",
          "124.4.132.142",
          3599.995335
        ],
        [
          "10.26.73.223",
          "113.148.190.126",
          3599.993001
        ],
        [
          "172.22.209.53",
          "22.8.19.84",
          3599.99189
        ],
        [
          "192.168.21.11",
          "45.106.63.138",
          3599.991423
        ],
        [
          "192.168.208.7",
          "10.54.162.198",
          3599.982576
        ],
        [
          "192.168.31.161",
          "172.155.115.123",
          3599.978307
        ],
        [
          "192.168.150.112",
          "129.121.126.110",
          3599.970716
        ],
        [
          "10.13.209.68",
          "104.224.140.172",
          3599.969398
        ],
        [
          "192.168.240.49",
          "186.105.4.95",
          3599.96736
        ]
      ]
    },
    "port_scan_detection": {
      "durations_s": [
        2.1408,
        2.2566,
        2.0249,
        2.0215,
        1.9825,
        2.0225,
        2.1071
      ],
      "median_s": 2.0249,
      "mean_s": 2.0794,
      "cv_pct": 4.6,
      "answer": []
    }
  },
  "engine_cold_s": {
    "count_all": 0.1939,
    "top_source_ips_by_bytes": 3.5513,
    "protocol_distribution": 0.7378,
    "long_duration_connections": 0.867,
    "port_scan_detection": 3.7372
  }
}