{
  "arm": "opensearch",
  "trials": 7,
  "warmup": 1,
  "condition": "hot/warm",
  "started_unix": 1781084462.1476138,
  "queries": {
    "count_all": {
      "durations_s": [
        0.0027,
        0.0028,
        0.0024,
        0.003,
        0.0024,
        0.0029,
        0.003
      ],
      "median_s": 0.0028,
      "mean_s": 0.0027,
      "cv_pct": 9.9,
      "answer": 10000000
    },
    "top_source_ips_by_bytes": {
      "durations_s": [
        1.2826,
        1.179,
        1.1596,
        1.3145,
        1.1669,
        1.1683,
        1.3869
      ],
      "median_s": 1.179,
      "mean_s": 1.2368,
      "cv_pct": 7.3,
      "answer": [
        [
          "172.18.196.29",
          150041272
        ],
        [
          "10.38.0.40",
          148752399
        ],
        [
          "192.168.13.71",
          148420526
        ],
        [
          "172.19.115.83",
          148196330
        ],
        [
          "10.126.30.127",
          147754841
        ],
        [
          "10.150.59.214",
          147353064
        ],
        [
          "192.168.140.43",
          147329347
        ],
        [
          "172.23.126.239",
          146770532
        ],
        [
          "172.18.181.70",
          146760042
        ],
        [
          "172.25.171.130",
          146613244
        ]
      ]
    },
    "protocol_distribution": {
      "durations_s": [
        0.0046,
        0.0049,
        0.004,
        0.0049,
        0.0045,
        0.0059,
        0.0049
      ],
      "median_s": 0.0049,
      "mean_s": 0.0048,
      "cv_pct": 11.9,
      "answer": [
        [
          "icmp",
          166616
        ],
        [
          "tcp",
          8918398
        ],
        [
          "udp",
          914986
        ]
      ]
    },
    "long_duration_connections": {
      "durations_s": [
        0.0101,
        0.0122,
        0.0098,
        0.0125,
        0.0108,
        0.0079,
        0.0109
      ],
      "median_s": 0.0108,
      "mean_s": 0.0106,
      "cv_pct": 14.4,
      "answer": [
        [
          "192.168.207.102",
          "82.196.10.87",
          3599.997171
        ],
        [
          "192.168.80.79",
          "124.4.132.142",
          3599.995335
        ],
        [
          "10.26.73.223",
          "113.148.190.126",
          3599.993001
        ],
        [
          "172.22.209.53",
          "22.8.19.84",
          3599.99189
        ],
        [
          "192.168.21.11",
          "45.106.63.138",
          3599.991423
        ],
        [
          "192.168.208.7",
          "10.54.162.198",
          3599.982576
        ],
        [
          "192.168.31.161",
          "172.155.115.123",
          3599.978307
        ],
        [
          "192.168.150.112",
          "129.121.126.110",
          3599.970716
        ],
        [
          "10.13.209.68",
          "104.224.140.172",
          3599.969398
        ],
        [
          "192.168.240.49",
          "186.105.4.95",
          3599.96736
        ]
      ]
    },
    "port_scan_detection": {
      "durations_s": [
        13.3731,
        13.0597,
        13.0711,
        13.2147,
        12.6773,
        13.3238,
        12.9918
      ],
      "median_s": 13.0711,
      "mean_s": 13.1017,
      "cv_pct": 1.8,
      "answer": []
    }
  },
  "engine_cold_s": {
    "count_all": 0.0076,
    "top_source_ips_by_bytes": 1.4758,
    "protocol_distribution": 0.0069,
    "long_duration_connections": 0.0573,
    "port_scan_detection": 15.0052
  }
}