{
  "arm": "clickhouse_native",
  "trials": 7,
  "warmup": 1,
  "condition": "hot/warm",
  "started_unix": 1781084687.517625,
  "queries": {
    "count_all": {
      "durations_s": [
        0.0019,
        0.0023,
        0.0021,
        0.0021,
        0.0018,
        0.0019,
        0.0017
      ],
      "median_s": 0.0019,
      "mean_s": 0.002,
      "cv_pct": 10.5,
      "answer": 10000000
    },
    "top_source_ips_by_bytes": {
      "durations_s": [
        0.0555,
        0.0561,
        0.0753,
        0.0564,
        0.0549,
        0.0562,
        0.0553
      ],
      "median_s": 0.0561,
      "mean_s": 0.0585,
      "cv_pct": 12.7,
      "answer": [
        [
          "172.18.196.29",
          150041272
        ],
        [
          "10.38.0.40",
          148752399
        ],
        [
          "192.168.13.71",
          148420526
        ],
        [
          "172.19.115.83",
          148196330
        ],
        [
          "10.126.30.127",
          147754841
        ],
        [
          "10.150.59.214",
          147353064
        ],
        [
          "192.168.140.43",
          147329347
        ],
        [
          "172.23.126.239",
          146770532
        ],
        [
          "172.18.181.70",
          146760042
        ],
        [
          "172.25.171.130",
          146613244
        ]
      ]
    },
    "protocol_distribution": {
      "durations_s": [
        0.0177,
        0.0167,
        0.0152,
        0.0163,
        0.0163,
        0.0174,
        0.0176
      ],
      "median_s": 0.0167,
      "mean_s": 0.0167,
      "cv_pct": 5.3,
      "answer": [
        [
          "icmp",
          166616
        ],
        [
          "tcp",
          8918398
        ],
        [
          "udp",
          914986
        ]
      ]
    },
    "long_duration_connections": {
      "durations_s": [
        0.0207,
        0.0195,
        0.0192,
        0.0196,
        0.019,
        0.02,
        0.0191
      ],
      "median_s": 0.0195,
      "mean_s": 0.0196,
      "cv_pct": 3.1,
      "answer": [
        [
          "192.168.207.102",
          "82.196.10.87",
          3599.997171
        ],
        [
          "192.168.80.79",
          "124.4.132.142",
          3599.995335
        ],
        [
          "10.26.73.223",
          "113.148.190.126",
          3599.993001
        ],
        [
          "172.22.209.53",
          "22.8.19.84",
          3599.99189
        ],
        [
          "192.168.21.11",
          "45.106.63.138",
          3599.991423
        ],
        [
          "192.168.208.7",
          "10.54.162.198",
          3599.982576
        ],
        [
          "192.168.31.161",
          "172.155.115.123",
          3599.978307
        ],
        [
          "192.168.150.112",
          "129.121.126.110",
          3599.970716
        ],
        [
          "10.13.209.68",
          "104.224.140.172",
          3599.969398
        ],
        [
          "192.168.240.49",
          "186.105.4.95",
          3599.96736
        ]
      ]
    },
    "port_scan_detection": {
      "durations_s": [
        0.1905,
        0.2028,
        0.2089,
        0.2107,
        0.2535,
        0.2521,
        0.2605
      ],
      "median_s": 0.2107,
      "mean_s": 0.2256,
      "cv_pct": 12.7,
      "answer": []
    }
  },
  "engine_cold_s": {
    "count_all": 0.0023,
    "top_source_ips_by_bytes": 0.0606,
    "protocol_distribution": 0.0156,
    "long_duration_connections": 0.0238,
    "port_scan_detection": 0.2409
  }
}