{
  "arm": "clickhouse_iceberg",
  "trials": 7,
  "warmup": 1,
  "condition": "hot/warm",
  "started_unix": 1781084717.0937126,
  "queries": {
    "count_all": {
      "durations_s": [
        0.0112,
        0.0111,
        0.0112,
        0.0103,
        0.0105,
        0.0106,
        0.011
      ],
      "median_s": 0.011,
      "mean_s": 0.0108,
      "cv_pct": 3.3,
      "answer": 10000000
    },
    "top_source_ips_by_bytes": {
      "durations_s": [
        0.2189,
        0.2294,
        0.2328,
        0.2066,
        0.1785,
        0.2062,
        0.2176
      ],
      "median_s": 0.2176,
      "mean_s": 0.2129,
      "cv_pct": 8.6,
      "answer": [
        [
          "172.18.196.29",
          150041272
        ],
        [
          "10.38.0.40",
          148752399
        ],
        [
          "192.168.13.71",
          148420526
        ],
        [
          "172.19.115.83",
          148196330
        ],
        [
          "10.126.30.127",
          147754841
        ],
        [
          "10.150.59.214",
          147353064
        ],
        [
          "192.168.140.43",
          147329347
        ],
        [
          "172.23.126.239",
          146770532
        ],
        [
          "172.18.181.70",
          146760042
        ],
        [
          "172.25.171.130",
          146613244
        ]
      ]
    },
    "protocol_distribution": {
      "durations_s": [
        0.0458,
        0.04,
        0.0453,
        0.0393,
        0.0407,
        0.0374,
        0.0385
      ],
      "median_s": 0.04,
      "mean_s": 0.041,
      "cv_pct": 8.0,
      "answer": [
        [
          "icmp",
          166616
        ],
        [
          "tcp",
          8918398
        ],
        [
          "udp",
          914986
        ]
      ]
    },
    "long_duration_connections": {
      "durations_s": [
        0.2367,
        0.2203,
        0.21,
        0.2057,
        0.204,
        0.2241,
        0.2171
      ],
      "median_s": 0.2171,
      "mean_s": 0.2169,
      "cv_pct": 5.3,
      "answer": [
        [
          "192.168.207.102",
          "82.196.10.87",
          3599.997171
        ],
        [
          "192.168.80.79",
          "124.4.132.142",
          3599.995335
        ],
        [
          "10.26.73.223",
          "113.148.190.126",
          3599.993001
        ],
        [
          "172.22.209.53",
          "22.8.19.84",
          3599.99189
        ],
        [
          "192.168.21.11",
          "45.106.63.138",
          3599.991423
        ],
        [
          "192.168.208.7",
          "10.54.162.198",
          3599.982576
        ],
        [
          "192.168.31.161",
          "172.155.115.123",
          3599.978307
        ],
        [
          "192.168.150.112",
          "129.121.126.110",
          3599.970716
        ],
        [
          "10.13.209.68",
          "104.224.140.172",
          3599.969398
        ],
        [
          "192.168.240.49",
          "186.105.4.95",
          3599.96736
        ]
      ]
    },
    "port_scan_detection": {
      "durations_s": [
        0.9762,
        0.9617,
        0.8438,
        0.8828,
        0.8854,
        0.925,
        0.9954
      ],
      "median_s": 0.925,
      "mean_s": 0.9243,
      "cv_pct": 6.1,
      "answer": []
    }
  },
  "engine_cold_s": {
    "count_all": 0.0124,
    "top_source_ips_by_bytes": 0.2187,
    "protocol_distribution": 0.0432,
    "long_duration_connections": 0.2727,
    "port_scan_detection": 1.0711
  }
}