{
  "arm": "opensearch",
  "trials": 7,
  "warmup": 1,
  "condition": "hot/warm",
  "started_unix": 1781468549.2432573,
  "queries": {
    "count_all": {
      "durations_s": [
        0.0042,
        0.0039,
        0.0037,
        0.0037,
        0.0031,
        0.003,
        0.0028
      ],
      "median_s": 0.0037,
      "mean_s": 0.0035,
      "cv_pct": 14.8,
      "answer": 10000000
    },
    "top_source_ips_by_bytes": {
      "durations_s": [
        1.0643,
        1.0689,
        1.0689,
        1.0642,
        1.1229,
        1.102,
        1.1105
      ],
      "median_s": 1.0689,
      "mean_s": 1.0859,
      "cv_pct": 2.3,
      "answer": [
        [
          "172.18.196.29",
          150041272
        ],
        [
          "10.38.0.40",
          148752399
        ],
        [
          "192.168.13.71",
          148420526
        ],
        [
          "172.19.115.83",
          148196330
        ],
        [
          "10.126.30.127",
          147754841
        ],
        [
          "10.150.59.214",
          147353064
        ],
        [
          "192.168.140.43",
          147329347
        ],
        [
          "172.23.126.239",
          146770532
        ],
        [
          "172.18.181.70",
          146760042
        ],
        [
          "172.25.171.130",
          146613244
        ]
      ]
    },
    "protocol_distribution": {
      "durations_s": [
        0.0042,
        0.0038,
        0.0044,
        0.0038,
        0.0037,
        0.0036,
        0.0036
      ],
      "median_s": 0.0038,
      "mean_s": 0.0039,
      "cv_pct": 8.0,
      "answer": [
        [
          "icmp",
          166616
        ],
        [
          "tcp",
          8918398
        ],
        [
          "udp",
          914986
        ]
      ]
    },
    "long_duration_connections": {
      "durations_s": [
        0.0131,
        0.0117,
        0.0107,
        0.0108,
        0.0105,
        0.0115,
        0.0092
      ],
      "median_s": 0.0108,
      "mean_s": 0.011,
      "cv_pct": 11.1,
      "answer": [
        [
          "192.168.207.102",
          "82.196.10.87",
          3599.997171
        ],
        [
          "192.168.80.79",
          "124.4.132.142",
          3599.995335
        ],
        [
          "10.26.73.223",
          "113.148.190.126",
          3599.993001
        ],
        [
          "172.22.209.53",
          "22.8.19.84",
          3599.99189
        ],
        [
          "192.168.21.11",
          "45.106.63.138",
          3599.991423
        ],
        [
          "192.168.208.7",
          "10.54.162.198",
          3599.982576
        ],
        [
          "192.168.31.161",
          "172.155.115.123",
          3599.978307
        ],
        [
          "192.168.150.112",
          "129.121.126.110",
          3599.970716
        ],
        [
          "10.13.209.68",
          "104.224.140.172",
          3599.969398
        ],
        [
          "192.168.240.49",
          "186.105.4.95",
          3599.96736
        ]
      ]
    },
    "port_scan_detection": {
      "durations_s": [
        12.6875,
        12.5649,
        13.1006,
        12.8374,
        12.7226,
        12.6634,
        12.4156
      ],
      "median_s": 12.6875,
      "mean_s": 12.7132,
      "cv_pct": 1.7,
      "answer": []
    }
  },
  "engine_cold_s": {
    "count_all": 0.0068,
    "top_source_ips_by_bytes": 1.3455,
    "protocol_distribution": 0.0071,
    "long_duration_connections": 0.0416,
    "port_scan_detection": 13.2117
  }
}