{
  "arm": "clickhouse_iceberg",
  "trials": 7,
  "warmup": 1,
  "condition": "hot/warm",
  "started_unix": 1781468345.1647127,
  "queries": {
    "count_all": {
      "durations_s": [
        0.0111,
        0.0119,
        0.0107,
        0.0113,
        0.0118,
        0.0109,
        0.0111
      ],
      "median_s": 0.0111,
      "mean_s": 0.0112,
      "cv_pct": 3.9,
      "answer": 10000000
    },
    "top_source_ips_by_bytes": {
      "durations_s": [
        0.1445,
        0.1655,
        0.1413,
        0.1438,
        0.1386,
        0.1401,
        0.1606
      ],
      "median_s": 0.1438,
      "mean_s": 0.1478,
      "cv_pct": 7.3,
      "answer": [
        [
          "172.18.196.29",
          150041272
        ],
        [
          "10.38.0.40",
          148752399
        ],
        [
          "192.168.13.71",
          148420526
        ],
        [
          "172.19.115.83",
          148196330
        ],
        [
          "10.126.30.127",
          147754841
        ],
        [
          "10.150.59.214",
          147353064
        ],
        [
          "192.168.140.43",
          147329347
        ],
        [
          "172.23.126.239",
          146770532
        ],
        [
          "172.18.181.70",
          146760042
        ],
        [
          "172.25.171.130",
          146613244
        ]
      ]
    },
    "protocol_distribution": {
      "durations_s": [
        0.0349,
        0.0337,
        0.0344,
        0.0347,
        0.0365,
        0.0346,
        0.034
      ],
      "median_s": 0.0346,
      "mean_s": 0.0347,
      "cv_pct": 2.6,
      "answer": [
        [
          "icmp",
          166616
        ],
        [
          "tcp",
          8918398
        ],
        [
          "udp",
          914986
        ]
      ]
    },
    "long_duration_connections": {
      "durations_s": [
        0.2002,
        0.2393,
        0.1925,
        0.2288,
        0.1987,
        0.1988,
        0.2232
      ],
      "median_s": 0.2002,
      "mean_s": 0.2116,
      "cv_pct": 8.7,
      "answer": [
        [
          "192.168.207.102",
          "82.196.10.87",
          3599.997171
        ],
        [
          "192.168.80.79",
          "124.4.132.142",
          3599.995335
        ],
        [
          "10.26.73.223",
          "113.148.190.126",
          3599.993001
        ],
        [
          "172.22.209.53",
          "22.8.19.84",
          3599.99189
        ],
        [
          "192.168.21.11",
          "45.106.63.138",
          3599.991423
        ],
        [
          "192.168.208.7",
          "10.54.162.198",
          3599.982576
        ],
        [
          "192.168.31.161",
          "172.155.115.123",
          3599.978307
        ],
        [
          "192.168.150.112",
          "129.121.126.110",
          3599.970716
        ],
        [
          "10.13.209.68",
          "104.224.140.172",
          3599.969398
        ],
        [
          "192.168.240.49",
          "186.105.4.95",
          3599.96736
        ]
      ]
    },
    "port_scan_detection": {
      "durations_s": [
        0.8752,
        0.7822,
        0.81,
        0.8286,
        0.8526,
        0.8244,
        0.7876
      ],
      "median_s": 0.8244,
      "mean_s": 0.8229,
      "cv_pct": 4.1,
      "answer": []
    }
  },
  "engine_cold_s": {
    "count_all": 0.011,
    "top_source_ips_by_bytes": 0.16,
    "protocol_distribution": 0.0342,
    "long_duration_connections": 0.2452,
    "port_scan_detection": 0.9144
  }
}