{
  "arm": "clickhouse_native",
  "trials": 7,
  "warmup": 1,
  "condition": "hot/warm",
  "started_unix": 1781411683.2446668,
  "queries": {
    "count_all": {
      "durations_s": [
        0.0021,
        0.0017,
        0.0018,
        0.0017,
        0.0017,
        0.0018,
        0.0017
      ],
      "median_s": 0.0017,
      "mean_s": 0.0018,
      "cv_pct": 9.2,
      "answer": 10000000
    },
    "top_source_ips_by_bytes": {
      "durations_s": [
        0.0613,
        0.0606,
        0.096,
        0.059,
        0.0636,
        0.0624,
        0.0633
      ],
      "median_s": 0.0624,
      "mean_s": 0.0666,
      "cv_pct": 19.6,
      "answer": [
        [
          "172.18.196.29",
          150041272
        ],
        [
          "10.38.0.40",
          148752399
        ],
        [
          "192.168.13.71",
          148420526
        ],
        [
          "172.19.115.83",
          148196330
        ],
        [
          "10.126.30.127",
          147754841
        ],
        [
          "10.150.59.214",
          147353064
        ],
        [
          "192.168.140.43",
          147329347
        ],
        [
          "172.23.126.239",
          146770532
        ],
        [
          "172.18.181.70",
          146760042
        ],
        [
          "172.25.171.130",
          146613244
        ]
      ]
    },
    "protocol_distribution": {
      "durations_s": [
        0.0165,
        0.0171,
        0.0173,
        0.0172,
        0.0166,
        0.017,
        0.0167
      ],
      "median_s": 0.017,
      "mean_s": 0.0169,
      "cv_pct": 1.9,
      "answer": [
        [
          "icmp",
          166616
        ],
        [
          "tcp",
          8918398
        ],
        [
          "udp",
          914986
        ]
      ]
    },
    "long_duration_connections": {
      "durations_s": [
        0.0279,
        0.0216,
        0.0208,
        0.0214,
        0.0206,
        0.0199,
        0.0199
      ],
      "median_s": 0.0208,
      "mean_s": 0.0217,
      "cv_pct": 12.8,
      "answer": [
        [
          "192.168.207.102",
          "82.196.10.87",
          3599.997171
        ],
        [
          "192.168.80.79",
          "124.4.132.142",
          3599.995335
        ],
        [
          "10.26.73.223",
          "113.148.190.126",
          3599.993001
        ],
        [
          "172.22.209.53",
          "22.8.19.84",
          3599.99189
        ],
        [
          "192.168.21.11",
          "45.106.63.138",
          3599.991423
        ],
        [
          "192.168.208.7",
          "10.54.162.198",
          3599.982576
        ],
        [
          "192.168.31.161",
          "172.155.115.123",
          3599.978307
        ],
        [
          "192.168.150.112",
          "129.121.126.110",
          3599.970716
        ],
        [
          "10.13.209.68",
          "104.224.140.172",
          3599.969398
        ],
        [
          "192.168.240.49",
          "186.105.4.95",
          3599.96736
        ]
      ]
    },
    "port_scan_detection": {
      "durations_s": [
        0.2045,
        0.2027,
        0.2044,
        0.1799,
        0.1777,
        0.1758,
        0.1844
      ],
      "median_s": 0.1844,
      "mean_s": 0.1899,
      "cv_pct": 7.0,
      "answer": []
    }
  },
  "engine_cold_s": {
    "count_all": 0.0022,
    "top_source_ips_by_bytes": 0.0544,
    "protocol_distribution": 0.0154,
    "long_duration_connections": 0.0225,
    "port_scan_detection": 0.2212
  }
}