{
  "arm": "clickhouse_iceberg",
  "trials": 7,
  "warmup": 1,
  "condition": "hot/warm",
  "started_unix": 1781411693.083386,
  "queries": {
    "count_all": {
      "durations_s": [
        0.0108,
        0.0101,
        0.0106,
        0.0101,
        0.0099,
        0.0099,
        0.0104
      ],
      "median_s": 0.0101,
      "mean_s": 0.0103,
      "cv_pct": 3.3,
      "answer": 10000000
    },
    "top_source_ips_by_bytes": {
      "durations_s": [
        0.1432,
        0.1626,
        0.1403,
        0.1595,
        0.1682,
        0.1314,
        0.1354
      ],
      "median_s": 0.1432,
      "mean_s": 0.1487,
      "cv_pct": 9.8,
      "answer": [
        [
          "172.18.196.29",
          150041272
        ],
        [
          "10.38.0.40",
          148752399
        ],
        [
          "192.168.13.71",
          148420526
        ],
        [
          "172.19.115.83",
          148196330
        ],
        [
          "10.126.30.127",
          147754841
        ],
        [
          "10.150.59.214",
          147353064
        ],
        [
          "192.168.140.43",
          147329347
        ],
        [
          "172.23.126.239",
          146770532
        ],
        [
          "172.18.181.70",
          146760042
        ],
        [
          "172.25.171.130",
          146613244
        ]
      ]
    },
    "protocol_distribution": {
      "durations_s": [
        0.0338,
        0.0361,
        0.0391,
        0.0329,
        0.0334,
        0.0333,
        0.0324
      ],
      "median_s": 0.0334,
      "mean_s": 0.0344,
      "cv_pct": 6.9,
      "answer": [
        [
          "icmp",
          166616
        ],
        [
          "tcp",
          8918398
        ],
        [
          "udp",
          914986
        ]
      ]
    },
    "long_duration_connections": {
      "durations_s": [
        0.2183,
        0.2071,
        0.2062,
        0.1901,
        0.2079,
        0.2102,
        0.206
      ],
      "median_s": 0.2071,
      "mean_s": 0.2065,
      "cv_pct": 4.1,
      "answer": [
        [
          "192.168.207.102",
          "82.196.10.87",
          3599.997171
        ],
        [
          "192.168.80.79",
          "124.4.132.142",
          3599.995335
        ],
        [
          "10.26.73.223",
          "113.148.190.126",
          3599.993001
        ],
        [
          "172.22.209.53",
          "22.8.19.84",
          3599.99189
        ],
        [
          "192.168.21.11",
          "45.106.63.138",
          3599.991423
        ],
        [
          "192.168.208.7",
          "10.54.162.198",
          3599.982576
        ],
        [
          "192.168.31.161",
          "172.155.115.123",
          3599.978307
        ],
        [
          "192.168.150.112",
          "129.121.126.110",
          3599.970716
        ],
        [
          "10.13.209.68",
          "104.224.140.172",
          3599.969398
        ],
        [
          "192.168.240.49",
          "186.105.4.95",
          3599.96736
        ]
      ]
    },
    "port_scan_detection": {
      "durations_s": [
        0.8149,
        0.7982,
        0.8501,
        0.8254,
        0.8811,
        0.7754,
        0.915
      ],
      "median_s": 0.8254,
      "mean_s": 0.8371,
      "cv_pct": 5.8,
      "answer": []
    }
  },
  "engine_cold_s": {
    "count_all": 0.0106,
    "top_source_ips_by_bytes": 0.1603,
    "protocol_distribution": 0.0334,
    "long_duration_connections": 0.2253,
    "port_scan_detection": 0.855
  }
}