{
  "arm": "opensearch",
  "trials": 7,
  "warmup": 1,
  "condition": "hot/warm",
  "started_unix": 1781411523.4831877,
  "queries": {
    "count_all": {
      "durations_s": [
        0.0038,
        0.0033,
        0.0031,
        0.0028,
        0.0027,
        0.0025,
        0.0026
      ],
      "median_s": 0.0028,
      "mean_s": 0.003,
      "cv_pct": 15.7,
      "answer": 10000000
    },
    "top_source_ips_by_bytes": {
      "durations_s": [
        1.7389,
        1.1296,
        1.1246,
        1.1453,
        1.0922,
        1.2825,
        1.6896
      ],
      "median_s": 1.1453,
      "mean_s": 1.3147,
      "cv_pct": 21.3,
      "answer": [
        [
          "172.18.196.29",
          150041272
        ],
        [
          "10.38.0.40",
          148752399
        ],
        [
          "192.168.13.71",
          148420526
        ],
        [
          "172.19.115.83",
          148196330
        ],
        [
          "10.126.30.127",
          147754841
        ],
        [
          "10.150.59.214",
          147353064
        ],
        [
          "192.168.140.43",
          147329347
        ],
        [
          "172.23.126.239",
          146770532
        ],
        [
          "172.18.181.70",
          146760042
        ],
        [
          "172.25.171.130",
          146613244
        ]
      ]
    },
    "protocol_distribution": {
      "durations_s": [
        0.0061,
        0.0062,
        0.0065,
        0.0057,
        0.0053,
        0.0066,
        0.0048
      ],
      "median_s": 0.0061,
      "mean_s": 0.0059,
      "cv_pct": 11.1,
      "answer": [
        [
          "icmp",
          166616
        ],
        [
          "tcp",
          8918398
        ],
        [
          "udp",
          914986
        ]
      ]
    },
    "long_duration_connections": {
      "durations_s": [
        0.0224,
        0.021,
        0.0158,
        0.028,
        0.0105,
        0.0086,
        0.0091
      ],
      "median_s": 0.0158,
      "mean_s": 0.0165,
      "cv_pct": 45.8,
      "answer": [
        [
          "192.168.207.102",
          "82.196.10.87",
          3599.997171
        ],
        [
          "192.168.80.79",
          "124.4.132.142",
          3599.995335
        ],
        [
          "10.26.73.223",
          "113.148.190.126",
          3599.993001
        ],
        [
          "172.22.209.53",
          "22.8.19.84",
          3599.99189
        ],
        [
          "192.168.21.11",
          "45.106.63.138",
          3599.991423
        ],
        [
          "192.168.208.7",
          "10.54.162.198",
          3599.982576
        ],
        [
          "192.168.31.161",
          "172.155.115.123",
          3599.978307
        ],
        [
          "192.168.150.112",
          "129.121.126.110",
          3599.970716
        ],
        [
          "10.13.209.68",
          "104.224.140.172",
          3599.969398
        ],
        [
          "192.168.240.49",
          "186.105.4.95",
          3599.96736
        ]
      ]
    },
    "port_scan_detection": {
      "durations_s": [
        12.6372,
        12.3529,
        11.6991,
        11.5344,
        11.7989,
        11.7379,
        11.496
      ],
      "median_s": 11.7379,
      "mean_s": 11.8938,
      "cv_pct": 3.6,
      "answer": []
    }
  },
  "engine_cold_s": {
    "count_all": 0.0075,
    "top_source_ips_by_bytes": 1.3558,
    "protocol_distribution": 0.0065,
    "long_duration_connections": 0.0479,
    "port_scan_detection": 12.2091
  }
}